,pl_bmasse,hostname,st_teff,sy_snum,st_metratio,st_spectype,st_mass,st_logg,sy_pnum
4,22.7,GJ 143,4640.0,1,[Fe/H],K4.5,0.73,4.61,2
6,1.84,GJ 357,3505.0,1,[Fe/H],M2.5 V,0.34,4.94,3
7,0.546,GJ 367,3522.0,1,[Fe/H],M1.0 V,0.45,4.78,1
8,1.21,GJ 3929,3369.0,1,[Fe/H],M3.5 V,0.31,4.84,1
14,4.55,HD 110113,5732.0,1,[Fe/H],G,1.0,4.46,2
16,11.56,HD 152843,6310.0,1,[Fe/H],G0,1.15,4.19,2
17,27.5,HD 152843,6310.0,1,[Fe/H],G0,1.15,4.19,2
18,7.51,HD 15337,5125.0,1,[Fe/H],K1 V,0.9,4.53,2
19,8.11,HD 15337,5125.0,1,[Fe/H],K1 V,0.9,4.53,2
21,10.4,HD 191939,5348.0,1,[Fe/H],G9 V,0.81,4.3,5
22,7.2,HD 191939,5348.0,1,[Fe/H],G9 V,0.81,4.3,5
23,5.8,HD 191939,5348.0,1,[Fe/H],G9 V,0.81,4.3,5
25,14.4,HD 207897,5070.0,1,[Fe/H],K0 V,0.8,4.56,1
26,8.83,HD 213885,5978.0,1,[Fe/H],G,1.07,4.38,2
27,3.7,GJ 143,4640.0,1,[Fe/H],K4.5,0.73,4.61,2
33,77.55052,HD 332231,6089.0,1,[Fe/H],F8,1.13,4.28,1
34,7.8,HD 5278,6203.0,1,[Fe/H],F V,1.13,4.5,2
38,10.2,HD 73583,4511.0,1,[Fe/H],K4 V,0.73,4.62,2
39,9.7,HD 73583,4511.0,1,[Fe/H],K4 V,0.73,4.62,2
40,7.25,HD 86226,5863.0,1,[Fe/H],G1 V,1.02,4.4,2
44,20.0,HIP 97166,5198.0,1,[Fe/H],K0 V,0.9,4.41,2
48,4.6,L 168-9,3800.0,1,[Fe/H],M1 V,0.62,4.04,1
49,0.4,L 98-59,3415.0,1,[Fe/H],M3 V,0.27,4.86,4
50,2.22,L 98-59,3415.0,1,[Fe/H],M3 V,0.27,4.86,4
51,1.94,L 98-59,3415.0,1,[Fe/H],M3 V,0.27,4.86,4
52,2.33,LHS 1478,3381.0,1,[Fe/H],m3 V,0.24,4.87,1
55,8.7,LHS 1815,3643.0,1,[Fe/H],M1,0.5,4.77,1
57,30.8,LP 714-47,3950.0,1,[Fe/H],M0.0 V,0.59,4.64,1
64,29.32,LTT 9779,5443.0,1,[Fe/H],G7 V,0.77,4.35,1
65,109.33352,NGTS-11,5050.0,1,[Fe/H],K,0.86,4.5,1
67,617.22586,TIC 237913194,5788.0,1,[Fe/H],G3,1.03,4.38,1
69,10.15,TOI-1062,5328.0,1,[Fe/H],G9 V,0.94,4.55,2
70,9.78,TOI-1062,5328.0,1,[Fe/H],G9 V,0.94,4.55,2
75,309.56642,TOI-1130,4250.0,1,[Fe/H],K7,0.68,4.6,2
79,15.4,TOI-1231,3553.0,1,[Fe/H],M3 V,0.48,4.77,1
80,5.9,TOI-1235,3997.0,1,[Fe/H],M0.5 V,0.63,4.64,1
81,8.1,TOI-1246,5151.0,1,[Fe/H],K V,0.87,4.4,4
82,8.8,TOI-1246,5151.0,1,[Fe/H],K V,0.87,4.4,4
83,5.3,TOI-1246,5151.0,1,[Fe/H],K V,0.87,4.4,4
84,14.8,TOI-1246,5151.0,1,[Fe/H],K V,0.87,4.4,4
85,9.5,TOI-125,5320.0,1,[Fe/H],K0 V,0.86,4.52,3
86,6.63,TOI-125,5320.0,1,[Fe/H],K0 V,0.86,4.52,3
87,13.6,TOI-125,5320.0,1,[Fe/H],K0 V,0.86,4.52,3
89,8.6,TOI-1260,4227.0,1,[Fe/H],K6 V,0.66,4.57,2
90,11.8,TOI-1260,4227.0,1,[Fe/H],K6 V,0.66,4.57,2
91,13.5,TOI-1266,3600.0,1,[Fe/H],M3,0.45,4.85,2
92,2.2,TOI-1266,3600.0,1,[Fe/H],M3,0.45,4.85,2
93,96.4,TOI-1268,5300.0,1,[Fe/H],K1-K2,0.96,4.55,1
94,5879.82553,TOI-1278,3799.0,1,[Fe/H],M0 V,0.54,4.68,1
97,22.4,TOI-132,5397.0,1,[Fe/H],G8 V,0.97,4.48,1
101,991.62463,TOI-1431,7690.0,1,[Fe/H],Am C,1.9,4.15,1
105,797.7533,TOI-150,6255.0,1,[Fe/H],F,1.35,4.13,1
106,375.0394,TOI-157,5404.0,1,[Fe/H],G9 IV,0.95,4.28,1
108,387.7526,TOI-163,6495.0,1,[Fe/H],F,1.44,4.19,1
110,41.31769,TOI-1670,6170.0,1,[Fe/H],F7 V,1.21,4.29,2
111,200.2319,TOI-1670,6170.0,1,[Fe/H],F7 V,1.21,4.29,2
112,3.78,TOI-1685,3434.0,1,[Fe/H],M3.0 V,0.49,4.85,1
113,251.40353,TOI-169,5880.0,1,[Fe/H],G1 V,1.15,4.28,1
116,28.3,TOI-1710,5665.0,1,[Fe/H],G5 V,0.98,4.46,1
118,26.78,TOI-1728,3980.0,1,[Fe/H],M0,0.65,4.66,1
119,57.0,TOI-1749,3985.0,1,[Fe/H],M0 V,0.58,4.7,3
120,14.0,TOI-1749,3985.0,1,[Fe/H],M0 V,0.58,4.7,3
121,15.0,TOI-1749,3985.0,1,[Fe/H],M0 V,0.58,4.7,3
122,10.8,TOI-1759,4065.0,1,[Fe/H],M0.0 V,0.61,4.65,1
123,1.5,TOI-178,4316.0,1,[Fe/H],K,0.65,4.45,6
124,4.77,TOI-178,4316.0,1,[Fe/H],K,0.65,4.45,6
125,3.01,TOI-178,4316.0,1,[Fe/H],K,0.65,4.45,6
126,3.86,TOI-178,4316.0,1,[Fe/H],K,0.65,4.45,6
127,3.94,TOI-178,4316.0,1,[Fe/H],K,0.65,4.45,6
128,222.47988,TOI-1789,5991.0,1,[Fe/H],F,1.51,3.94,1
132,209.7678,TOI-1899,3841.0,1,[Fe/H],M0,0.63,4.67,1
133,133.4886,TOI-201,6394.0,1,[Fe/H],F6 V,1.32,4.32,1
138,1595.4986,TOI-2109,6540.0,1,[Fe/H],F,1.45,4.14,1
142,875.61726,TOI-2180,5695.0,1,[Fe/H],G5,1.11,4.06,1
144,13.8,TOI-220,5298.0,1,[Fe/H],K0 V,0.82,4.37,1
145,310.83618,TOI-2202,5144.0,1,[Fe/H],K8 V,0.82,4.55,2
158,8.8,TOI-269,3514.0,1,[Fe/H],M2 V,0.39,4.83,1
159,1.58,TOI-270,3506.0,1,[Fe/H],M,0.39,4.87,3
160,6.15,TOI-270,3506.0,1,[Fe/H],M,0.39,4.87,3
161,4.78,TOI-270,3506.0,1,[Fe/H],M,0.39,4.87,3
172,486.2799,TOI-481,5735.0,1,[Fe/H],G,1.14,4.06,1
173,1.42,TOI-500,4440.0,1,[Fe/H],K6 V,0.74,4.62,4
175,127.13136,TOI-530,3659.0,1,[Fe/H],M0.5 V,0.53,4.7,1
179,1147.36055,TOI-558,6466.0,1,[Fe/H],F V,1.35,4.22,1
180,1910.14873,TOI-559,5925.0,1,[Fe/H],G V,1.03,4.27,1
181,1.59,TOI-561,5455.0,1,[Fe/H],G9 V,0.79,4.47,5
182,5.4,TOI-561,5455.0,1,[Fe/H],G9 V,0.79,4.47,5
190,23.6,TOI-674,3514.0,1,[Fe/H],M2 V,0.42,4.81,1
191,392.83788,TOI-677,6295.0,1,[Fe/H],F8,1.18,4.29,1
195,9.79,TOI-763,5450.0,1,[Fe/H],G,0.92,4.45,2
196,9.32,TOI-763,5450.0,1,[Fe/H],G,0.92,4.45,2
197,4.0,TOI-776,3709.0,1,[Fe/H],M1 V,0.54,4.73,2
198,5.3,TOI-776,3709.0,1,[Fe/H],M1 V,0.54,4.73,2
200,18.467,TOI-824,4600.0,1,[Fe/H],K4 V,0.71,4.61,1
202,381.396,TOI-837,6047.0,1,[Fe/H[,G0/F9 V,1.12,4.47,1
203,39.09,TOI-849,5373.8,1,[Fe/H],G,0.93,4.48,1
204,301.9385,TOI-892,6261.0,1,[Fe/H],F,1.28,4.26,1
212,4.82,HD 39091,6037.0,1,[Fe/H],G0 V,1.09,4.42,3
217,3337.07,11 UMi,4340.0,1,[Fe/H],K4 III,1.8,1.6,1
219,1525.5,14 And,4813.0,1,[Fe/H],K0 III,2.2,2.63,1
233,1373.01872,17 Sco,4157.0,1,[Fe/H],K3 III,1.22,1.7,1
240,289.2253,24 Boo,4893.0,1,[Fe/H],G3 IV,0.99,2.42,1
243,1271.31363,2MASS J04372171+2651014,3100.0,1,[Fe/H],M V,0.17,4.5,1
258,2256.5,4 UMa,4415.0,1,[Fe/H],K1 III,1.23,1.8,1
331,762.8,6 Lyn,4978.0,1,[Fe/H],K0 IV,1.7,3.16,1
333,5.1,61 Vir,5577.0,1,[Fe/H],G5 V,0.94,4.34,3
334,18.2,61 Vir,5577.0,1,[Fe/H],G5 V,0.94,4.34,3
336,22.9,61 Vir,5577.0,1,[Fe/H],G5 V,0.94,4.34,3
339,826.3,7 CMa,4792.0,1,[Fe/H],K1 III,1.52,3.25,2
348,476.745,8 UMi,4847.4,1,[Fe/H],K0,1.8,2.57,1
351,1684.4,81 Cet,4785.0,1,[Fe/H],G5 III,2.4,2.35,1
366,467.19,BD+14 4559,5008.0,1,[Fe/H],K2 V,0.86,4.6,1
369,352.78,BD+15 2940,4796.0,1,[Fe/H],K0,1.1,2.8,1
371,6807.63,BD+20 2457,4137.0,1,[Fe/H],K2 II,2.8,1.51,2
372,3963.17,BD+20 2457,4137.0,1,[Fe/H],K2 II,2.8,1.51,2
373,1334.886,BD+20 274,4296.0,1,[Fe/H],K5 III,0.8,1.99,1
375,16.3,BD+20 594,5766.0,1,[Fe/H],G,0.96,4.5,1
377,432.24663,BD+45 564,5004.0,1,[Fe/H],K1,0.81,4.22,1
378,289.2253,BD+48 738,4414.0,1,[Fe/H],K0 III,0.74,2.24,1
380,508.5,BD+49 828,4943.0,1,[Fe/H],K0,1.52,2.85,1
381,228.83645,BD+55 362,5012.0,1,[Fe/H],K3,0.91,4.09,1
383,1258.60049,BD+63 1405,5000.0,1,[Fe/H],K0,0.82,4.2,1
384,7961.6016,BD-00 4475,5040.0,1,[Fe/H],G0,0.81,4.25,1
385,8.5,BD-06 1339,4324.0,1,[Fe/H],K7/M0 V,0.7,4.74,2
386,53.0,BD-06 1339,4324.0,1,[Fe/H],K7/M0 V,0.7,4.74,2
387,14.4,BD-08 2823,4746.0,1,[Fe/H],K3 V,0.74,4.13,2
389,104.0,BD-08 2823,4746.0,1,[Fe/H],K3 V,0.74,4.13,2
393,152.55,BD-10 3166,5400.0,1,[Fe/H],K0 V,1.1,4.4,1
394,168.44,BD-11 4672,4475.0,1,[Fe/H],K7 V,0.57,4.1,2
400,1620.9,BD-17 63,4714.0,1,[Fe/H],K5 V,0.74,4.26,1
401,3.95,CD Cet,3130.0,1,[Fe/H],M5.0 V,0.16,4.93,1
406,2002.31896,COCONUTS-2 A,3406.0,1,[Fe/H],M3 V,0.37,4.83,1
411,327.35,CoRoT-1,5950.0,1,[M/H],G0 V,0.95,4.25,1
415,874.0,CoRoT-10,5075.0,1,[Fe/H],K1 V,0.89,4.65,1
419,740.51,CoRoT-11,6440.0,1,[Fe/H],F6 V,1.27,4.22,1
428,415.704,CoRoT-13,5945.0,1,[Fe/H],G0 V,1.09,4.46,1
432,2415.4,CoRoT-14,6035.0,1,[Fe/H],F9 V,1.13,4.35,1
434,170.032,CoRoT-16,5650.0,1,[M/H],G5 V,1.1,4.36,1
435,772.29,CoRoT-17,5740.0,1,[Fe/H],G2 V,1.04,4.4,1
441,1102.82,CoRoT-18,5440.0,1,[Fe/H],G9 V,0.95,4.4,1
445,352.78,CoRoT-19,6090.0,1,[Fe/H],F9 V,1.21,4.07,1
457,1347.54,CoRoT-20,5880.0,1,[Fe/H],G2 V,1.14,4.2,2
462,718.2958,CoRoT-21,6200.0,1,[Fe/H],F8 IV,1.29,3.7,1
464,12.2,CoRoT-22,5939.0,1,[Fe/H],G3 V,1.1,4.36,1
467,889.9,CoRoT-23,5900.0,1,[Fe/H],G0 V,1.14,4.3,1
468,5.7,CoRoT-24,4950.0,1,[Fe/H],K1 V,0.91,4.55,2
469,28.0,CoRoT-24,4950.0,1,[Fe/H],K1 V,0.91,4.55,2
470,85.81,CoRoT-25,6040.0,1,[Fe/H],F9,1.09,4.31,1
473,165.26,CoRoT-26,5590.0,1,[Fe/H],G5,1.09,3.99,1
474,3302.11,CoRoT-27,5900.0,1,[M/H],G2,1.05,4.4,1
477,153.82972,CoRoT-28,5150.0,1,[Fe/H],G8/9 IV,1.01,3.6,1
479,270.1555,CoRoT-29,5260.0,1,[Fe/H],K0 V,0.97,4.3,1
486,921.707,CoRoT-30,5650.0,1,[Fe/H],G3 V,0.98,4.4,1
487,266.9772,CoRoT-31,5700.0,1,[Fe/H],G2 IV,1.25,3.85,1
494,148.42,CoRoT-5,6100.0,1,[M/H],F9 V,1.0,4.19,1
496,940.74,CoRoT-6,6090.0,1,[Fe/H],F9 V,1.05,4.43,1
499,21.0,CoRoT-7,5275.0,1,[M/H],G9 V,0.93,4.5,2
507,69.92,CoRoT-8,5080.0,1,[M/H],K1 V,0.88,4.58,1
515,47.6745,CoRoTID 223977153,5970.0,1,[Fe/H],G0 VI,1.08,4.67,1
582,27.0,EPIC 211945201,6025.0,1,[Fe/H],G0,1.18,4.25,1
621,8.36,EPIC 220674823,5470.0,1,[Fe/H],G5 V,0.94,4.53,2
630,5.8,EPIC 220674823,5470.0,1,[Fe/H],G5 V,0.94,4.53,2
639,8.75,EPIC 249893012,5430.0,1,[Fe/H],G8 IV/V,1.05,3.99,3
640,14.67,EPIC 249893012,5430.0,1,[Fe/H],G8 IV/V,1.05,3.99,3
641,10.18,EPIC 249893012,5430.0,1,[Fe/H],G8 IV/V,1.05,3.99,3
643,2.5,G 264-012,3326.0,1,[Fe/H],M4.0 V,0.3,4.85,2
644,3.75,G 264-012,3326.0,1,[Fe/H],M4.0 V,0.3,4.85,2
674,8.17,GJ 1214,3250.0,1,[Fe/H],M4 V,0.18,5.03,1
680,7.4,GJ 1265,3236.0,1,[Fe/H],M4.5 V,0.18,5.09,1
682,22.7,GJ 143,4640.0,1,[Fe/H],K4.5,0.73,4.61,2
692,260.61,GJ 179,3370.0,1,[Fe/H],M3.5 V,0.36,4.83,1
702,4.0,GJ 251,3451.0,1,[Fe/H],M3.0 V,0.36,4.96,1
730,12.58,GJ 3470,3652.0,1,[Fe/H],M1.5,0.51,4.66,1
743,1.84,GJ 357,3505.0,1,[Fe/H],M2.5 V,0.34,4.94,3
745,3.4,GJ 357,3505.0,1,[Fe/H],M2.5 V,0.34,4.94,3
746,6.1,GJ 357,3505.0,1,[Fe/H],M2.5 V,0.34,4.94,3
748,0.546,GJ 367,3522.0,1,[Fe/H],M1.0 V,0.45,4.78,1
750,8.0,GJ 3779,3324.0,1,[Fe/H],M4.0 V,0.27,5.05,1
751,1.21,GJ 3929,3369.0,1,[Fe/H],M3.5 V,0.31,4.84,1
752,1.71,GJ 393,3579.0,1,[Fe/H],M2.0 V,0.43,4.88,1
753,7.14,GJ 3942,3867.0,1,[Fe/H],M0,0.63,4.65,1
754,2.47,GJ 3998,3722.0,1,[Fe/H],M1,0.5,4.77,2
755,6.26,GJ 3998,3722.0,1,[Fe/H],M1,0.5,4.77,2
756,2.69,GJ 411,3601.0,1,[Fe/H],M1.5 V,0.39,4.87,2
765,16.57,GJ 4276,3387.0,1,[Fe/H],M4.0,0.41,4.97,1
796,1271.3,GJ 504,6234.0,1,[Fe/H],G0 V,1.22,4.6,1
797,5.2,GJ 514,3728.0,1,[Fe/H],M0.5-1.0 V,0.51,4.76,1
798,5.36,GJ 536,3685.0,1,[Fe/H],M1 V,0.52,4.75,1
815,2.82,GJ 625,3499.0,1,[Fe/H],M2,0.3,4.94,1
841,9.0,GJ 685,3816.0,1,[Fe/H],M0.5,0.55,4.72,1
848,2.96,GJ 740,3913.0,1,[Fe/H],M1.0 V,0.58,4.68,1
850,203.4,GJ 832,3657.0,1,[Fe/H],M1.5,0.45,4.7,2
889,4.2,GJ 887,3688.0,1,[Fe/H],M1 V,0.49,4.78,2
890,7.6,GJ 887,3688.0,1,[Fe/H],M1 V,0.49,4.78,2
892,66.74397,GJ 9066,3154.0,1,[Fe/H],M5.0 V,0.15,5.01,2
895,9.65,GJ 9689,3836.0,1,[Fe/H],M0.5,0.59,4.69,1
896,3.69,GJ 9827,4219.0,1,[Fe/H],K6 V,0.64,4.66,3
898,3.42,GJ 9827,4269.0,1,[m/H],K5 V,0.61,4.65,3
901,2.42,GJ 9827,4269.0,1,[m/H],K5 V,0.61,4.65,3
902,1.45,GJ 9827,4219.0,1,[Fe/H],K6 V,0.64,4.66,3
906,2.35,GJ 9827,4219.0,1,[Fe/H],K6 V,0.64,4.66,3
907,5.2,GJ 9827,4269.0,1,[m/H],K5 V,0.61,4.65,3
909,6261.21962,GPX-1,7000.0,1,[Fe/H],F2,1.68,4.27,1
919,6.64,Gl 686,3654.0,1,[Fe/H],M1.0 V,0.43,4.88,1
920,7.1,Gl 686,3663.0,1,[Fe/H],M1,0.42,4.83,1
956,67.059,HAT-P-12,4650.0,1,[Fe/H],K4,0.73,4.61,1
963,271.098,HAT-P-13,5653.0,1,[Fe/H],G4,1.22,4.13,2
974,4830.8,HAT-P-13,5653.0,1,[Fe/H],G4,1.22,4.13,2
988,618.471,HAT-P-15,5568.0,1,[Fe/H],G5,1.01,4.38,1
996,169.71,HAT-P-17,5246.0,1,[Fe/H],K,0.86,4.52,2
1002,416.34,HAT-P-17,5246.0,1,[Fe/H],K,0.86,4.52,2
1006,62.61,HAT-P-18,4803.0,1,[Fe/H],K2,0.77,4.57,1
1013,92.802,HAT-P-19,4990.0,1,[Fe/H],K1,0.84,4.54,1
1033,2302.899,HAT-P-20,4595.0,1,[Fe/H],K3,0.76,4.63,1
1037,1291.289,HAT-P-21,5588.0,1,[Fe/H],G3,0.95,4.33,1
1050,664.237,HAT-P-23,5905.0,1,[Fe/H],G0,1.13,4.33,1
1064,180.202,HAT-P-25,5500.0,1,[Fe/H],G5,1.01,4.48,1
1071,18.751,HAT-P-26,5079.0,1,[Fe/H],K1,0.82,4.56,1
1080,198.953,HAT-P-28,5680.0,1,[Fe/H],G3,1.02,4.36,1
1138,588.62116,HAT-P-36,5620.0,1,[Fe/H],G5 V,1.03,4.42,1
1196,549.823,HAT-P-49,6820.0,1,[Fe/H],F,1.54,4.1,1
1198,336.89,HAT-P-5,5960.0,1,[Fe/H],G,1.16,4.37,1
1253,167.49641,HAT-P-65,5835.0,1,[Fe/H],G2,1.21,3.98,1
1255,248.86089,HAT-P-66,6002.0,1,[Fe/H],G0,1.25,3.99,1
1258,230.10892,HAT-P-68,4508.0,1,[Fe/H],K,0.68,4.62,1
1306,270.1555,HATS-11,6060.0,1,[Fe/H],G0,1.0,4.12,1
1310,756.4354,HATS-12,6408.0,1,[Fe/H],F,1.49,3.92,1
1321,689.6911,HATS-15,5311.0,1,[Fe/H],G9 V,0.87,4.45,1
1322,1039.3041,HATS-16,5738.0,1,[Fe/H],G3 V,0.97,4.24,1
1325,425.25654,HATS-17,5846.0,1,[Fe/H],G V,1.13,4.42,1
1326,629.3034,HATS-18,5600.0,1,[Fe/H],G V,1.04,4.44,1
1331,427.463,HATS-2,5227.0,1,[Fe/H],K,0.88,4.48,1
1334,870.8542,HATS-22,4803.0,1,[Fe/H],K V,0.76,4.64,1
1335,467.2101,HATS-23,5780.0,1,[Fe/H],G V,1.12,4.33,1
1336,775.5052,HATS-24,6346.0,1,[Fe/H],F V,1.21,4.38,1
1342,194.82979,HATS-25,5715.0,1,[Fe/H],G,0.99,4.35,1
1344,206.5895,HATS-26,6071.0,1,[Fe/H],F,1.3,3.94,1
1346,168.4499,HATS-27,6438.0,1,[Fe/H],F,1.42,4.11,1
1347,213.58176,HATS-28,5498.0,1,[Fe/H],G,0.93,4.48,1
1350,207.54299,HATS-29,5670.0,1,[Fe/H],G,1.03,4.39,1
1354,340.382,HATS-3,6351.0,1,[Fe/H],F,1.21,4.22,1
1372,1022.14128,HATS-36,6149.0,1,[Fe/H],G0 V,1.22,4.4,1
1379,420.471,HATS-4,5403.0,1,[Fe/H],G,1.0,4.51,1
1404,75.323,HATS-5,5304.0,1,[Fe/H],G,0.94,4.53,1
1421,101.38777,HATS-6,3724.0,1,[Fe/H],M1 V,0.57,4.68,1
1439,38.1396,HATS-7,4985.0,1,[Fe/H],K2,0.85,4.54,1
1444,117.5971,HATS-71,3405.0,1,[Fe/H],M3 V,0.49,4.77,1
1470,13.1,HD 10180,5911.0,1,[Fe/H],G1 V,1.06,4.39,6
1473,11.75,HD 10180,5911.0,1,[Fe/H],G1 V,1.06,4.39,6
1475,25.1,HD 10180,5911.0,1,[Fe/H],G1 V,1.06,4.39,6
1476,23.9,HD 10180,5911.0,1,[Fe/H],G1 V,1.06,4.39,6
1478,21.4,HD 10180,5911.0,1,[Fe/H],G1 V,1.06,4.39,6
1481,64.4,HD 10180,5911.0,1,[Fe/H],G1 V,1.06,4.39,6
1485,44.4962,HD 102117,5672.0,1,[Fe/H],G6 V,1.03,4.27,1
1489,155.10104,HD 102195,5330.0,1,[Fe/H],G8 V,0.93,4.37,1
1491,143.02,HD 102195,5291.0,1,[Fe/H],K0 V,0.87,4.45,1
1495,1875.1,HD 102272,4908.0,1,[Fe/H],K0,1.9,3.07,1
1506,197.046,HD 103720,5017.0,1,[Fe/H],K3 V,0.79,4.43,1
1508,457.67291,HD 103891,6072.0,1,[Fe/H],F9,1.28,3.79,1
1512,58.985,HD 104067,4969.0,1,[Fe/H],K2 V,0.79,4.47,1
1514,667.41,HD 10442,5034.0,1,[Fe/H],K2 IV,1.56,3.5,1
1517,2637.9,HD 104985,4877.0,1,[Fe/H],G9 III,2.3,2.85,1
1519,203.41018,HD 105779,5792.0,1,[Fe/H],G2,0.89,4.36,1
1529,12.6,HD 106315,6327.0,1,[Fe/H],F5 V,1.09,4.25,2
1536,15.2,HD 106315,6327.0,1,[Fe/H],F5 V,1.09,4.25,2
1540,298.75,HD 10647,6218.0,1,[Fe/H],F9 V,1.11,4.62,1
1584,244.72,HD 109246,5844.0,1,[Fe/H],G0 V,1.01,4.46,1
1585,17.162,HD 109271,5783.0,1,[Fe/H],G5 V,1.05,4.28,2
1586,24.154,HD 109271,5783.0,1,[Fe/H],G5 V,1.05,4.28,2
1587,950.30694,HD 109286,5694.0,1,[Fe/H],G4 V,0.98,4.44,1
1591,143.02278,HD 10975,4840.0,1,[Fe/H],K0 III,1.41,2.48,1
1594,3524.59,HD 110014,4445.0,1,[Fe/H],K2 III,2.17,2.1,1
1597,4.55,HD 110113,5732.0,1,[Fe/H],G,1.0,4.46,2
1599,10.5,HD 110113,5732.0,1,[Fe/H],G,1.0,4.46,2
1602,2161.15,HD 111232,5494.0,1,[Fe/H],G5 V,0.78,4.5,1
1604,1433.4133,HD 111998,6557.0,1,[Fe/H],F5 V,1.18,4.19,1
1605,1589.15,HD 112640,4155.0,1,[Fe/H],K0 III,1.8,1.7,1
1606,899.42,HD 113337,6576.6,1,[Fe/H],F6 V,1.4,4.21,1
1608,114.41,HD 113538,4462.0,1,[Fe/H],K9 V,0.58,3.79,2
1609,85.81,HD 113538,4685.0,1,[Fe/H],K9 V,0.7,4.28,2
1610,295.57,HD 113538,4462.0,1,[Fe/H],K9 V,0.58,3.79,2
1611,225.65,HD 113538,4685.0,1,[Fe/H],K9 V,0.7,4.28,2
1615,152.55,HD 114613,5729.0,1,[Fe/H],G4 IV,1.36,3.97,1
1631,1506.45,HD 11506,6058.0,1,[Fe/H],G0 V,1.19,4.32,2
1632,1338.01,HD 11506,6055.0,1,[Fe/H],G0 V,1.24,4.3,2
1636,114.41,HD 11506,6055.0,1,[Fe/H],G0 V,1.24,4.3,2
1639,2634.79749,HD 115954,5957.0,1,[Fe/H],G0 V,1.18,4.15,1
1649,2065.895,HD 11755,4312.5,1,[Fe/H],G5,0.9,1.67,1
1655,677.0,HD 118203,5600.0,1,[Fe/H],K0,1.23,3.87,1
1666,1430.2,HD 120084,4892.0,1,[Fe/H],G7 III,2.39,2.71,1
1669,238.37131,HD 124330,5873.0,1,[Fe/H],G4 IV,1.15,4.24,1
1670,947.1334,HD 12484,5920.0,1,[Fe/H],F8,1.01,4.65,1
1672,13.134,HD 125595,4908.0,1,[Fe/H],K4 V,0.76,4.32,1
1682,921.707,HD 12648,4835.8,1,[Fe/H],G5,1.2,2.18,1
1709,282.8687,HD 128356,4875.0,1,[Fe/H],K3 V,0.65,4.52,1
1730,10.1,HD 134060,5966.0,1,[Fe/H],G3 IV,1.09,4.43,2
1731,29.29,HD 134060,5966.0,1,[Fe/H],G3 IV,1.09,4.43,2
1741,4.81,HD 136352,5664.0,1,[Fe/H],G4 V,0.81,4.39,3
1742,10.8,HD 136352,5664.0,1,[Fe/H],G4 V,0.81,4.39,3
1745,8.58,HD 136352,5664.0,1,[Fe/H],G4 V,0.81,4.39,3
1753,4.04,HD 137496,5799.0,1,[Fe/H],G,1.04,4.05,2
1754,2434.5656,HD 137496,5799.0,1,[Fe/H],G,1.04,4.05,2
1757,274.91,HD 13908,6255.0,1,[Fe/H],F8 V,1.29,4.11,2
1758,1630.4,HD 13908,6255.0,1,[Fe/H],F8 V,1.29,4.11,2
1769,2479.0,HD 14067,4815.0,1,[Fe/H],G9 III,2.4,2.61,1
1772,143.34133,HD 141399,5600.0,1,[Fe/H],K0,1.07,4.28,4
1775,422.7139,HD 141399,5600.0,1,[Fe/H],K0,1.07,4.28,4
1777,375.0394,HD 141399,5600.0,1,[Fe/H],K0,1.07,4.28,4
1780,209.7678,HD 141399,5600.0,1,[Fe/H],K0,1.07,4.28,4
1784,3080.0,HD 141937,5925.0,1,[Fe/H],G2/G3 V,1.1,4.62,1
1796,384.5743,HD 143105,6380.0,1,[Fe/H],F5,1.51,4.37,1
1800,1106.0484,HD 143361,5505.0,1,[Fe/H],G6 V,0.95,4.42,1
1809,6.44,HD 1461,5765.0,1,[Fe/H],G0 V,1.02,4.38,2
1814,5.59,HD 1461,5765.0,1,[Fe/H],G0 V,1.02,4.38,2
1815,674.0,HD 147018,5441.0,1,[Fe/H],G9 V,0.93,4.42,2
1816,2080.0,HD 147018,5441.0,1,[Fe/H],G9 V,0.93,4.42,2
1836,114.8,HD 149026,6147.0,1,[Fe/H],G0 IV,1.3,4.26,1
1842,432.2488,HD 149143,5730.0,1,[Fe/H],G0,1.1,4.1,1
1845,861.28,HD 150706,5961.0,1,[Fe/H],G0 V,1.17,4.5,1
1847,692.8694,HD 152079,5726.0,1,[Fe/H],G6 V,1.1,4.36,1
1853,11.56,HD 152843,6310.0,1,[Fe/H],G0,1.15,4.19,2
1854,27.5,HD 152843,6310.0,1,[Fe/H],G0,1.15,4.19,2
1855,7.51,HD 15337,5125.0,1,[Fe/H],K1 V,0.9,4.53,2
1858,8.11,HD 15337,5125.0,1,[Fe/H],K1 V,0.9,4.53,2
1863,6.6,HD 154088,5374.0,1,[Fe/H],K0 IV-V,0.91,4.37,1
1871,1503.3359,HD 154672,5655.0,1,[Fe/H],G3 IV,1.08,4.15,1
1873,711.91,HD 154857,5605.0,1,[Fe/H],G5 V,1.72,3.82,2
1875,819.97,HD 154857,5605.0,1,[Fe/H],G5 V,1.72,3.82,2
1876,238.37131,HD 155193,6239.0,1,[Fe/H],F8 IV,1.22,4.26,1
1879,270.0,HD 155358,5900.0,1,[Fe/H],G0,0.92,4.16,2
1881,261.0,HD 155358,5900.0,1,[Fe/H],G0,0.92,4.16,2
1883,3086.0,HD 156279,5453.0,1,[Fe/H],G6,0.93,4.46,2
1887,235.18,HD 156411,5900.0,1,[Fe/H],F8 IV/V,1.25,4.07,1
1903,4449.62,HD 158996,4069.0,1,[Fe/H],K5 III,1.8,1.4,1
1904,359.13,HD 159243,6123.0,1,[Fe/H],G0 V,1.12,4.55,2
1905,603.9,HD 159243,6123.0,1,[Fe/H],G0 V,1.12,4.55,2
1909,667.41,HD 159868,5558.0,1,[Fe/H],G5 V,1.09,3.99,2
1910,232.01,HD 159868,5558.0,1,[Fe/H],G5 V,1.09,3.99,2
1913,310.0,HD 1605,4757.0,1,[Fe/H],K1 IV,1.31,3.4,2
1916,1110.0,HD 1605,4757.0,1,[Fe/H],K1 IV,1.31,3.4,2
1930,181.16219,HD 161178,4786.0,1,[Fe/H],G9 III,1.06,2.38,1
1935,1516.0491,HD 16175,6022.0,1,[Fe/H],G0,1.34,4.21,1
1938,4580.0,HD 162020,4830.0,1,[Fe/H],K3 V,0.75,4.76,1
1941,244.72,HD 163607,5543.0,1,[Fe/H],G5 IV,1.09,4.04,2
1944,727.8,HD 163607,5543.0,1,[Fe/H],G5 IV,1.09,4.04,2
1952,107.6,HD 164922,5293.0,1,[Fe/H],G9 V,0.87,4.39,4
1956,12.9,HD 164922,5293.0,1,[Fe/H],G9 V,0.87,4.39,4
1962,918.5287,HD 165155,5426.0,1,[Fe/H],G8 V,1.02,4.49,1
1963,2040.0,HD 1666,6317.0,1,[Fe/H],F7 V,1.5,4.06,1
1964,1121.89,HD 166724,5127.0,1,[Fe/H],K0 IV-V,0.81,4.43,1
1971,2434.157,HD 168443,5491.0,1,[Fe/H],G5,0.99,4.07,2
1974,5464.221,HD 168443,5491.0,1,[Fe/H],G5,0.99,4.07,2
1979,73.1009,HD 168746,5610.0,1,[Fe/H],G5,0.88,4.5,1
1983,1938.68,HD 1690,4393.0,1,[Fe/H],K1 III,1.09,2.12,1
1985,934.4202,HD 169830,6300.0,1,[Fe/H],F8 V,1.4,4.11,2
1986,915.31,HD 169830,6299.0,1,[Fe/H],F8 V,1.4,4.1,2
1990,1283.98,HD 169830,6299.0,1,[Fe/H],F8 V,1.4,4.1,2
1995,1462.0,HD 17092,4650.0,1,[Fe/H],K0 III,2.3,3.0,1
1999,826.32,HD 171238,5467.0,1,[Fe/H],K0 V,0.94,4.43,1
2001,991.59,HD 17156,6079.0,1,[Fe/H],G0 V,1.2,4.29,1
2008,858.1,HD 173416,4683.0,1,[Fe/H],G8,2.0,2.48,1
2012,193.87,HD 175541,5060.0,1,[Fe/H],G8 IV,1.65,3.52,1
2016,8.98,HD 175607,5392.0,1,[Fe/H],G6 V,0.71,4.64,1
2017,276.5121,HD 17674,5904.0,1,[Fe/H],G0 V,0.98,4.34,1
2018,5.74,HD 176986,4931.0,1,[Fe/H],K2.5 V,0.79,4.44,2
2019,9.18,HD 176986,4931.0,1,[Fe/H],K2.5 V,0.79,4.44,2
2032,27.5,HD 179079,5684.0,1,[Fe/H],G5 IV,1.15,4.06,1
2049,2660.2371,HD 181234,5386.0,1,[Fe/H],G5,1.01,4.25,1
2051,921.707,HD 181342,5040.0,1,[Fe/H],K0 III,1.89,3.3,1
2055,7.5,HD 181433,4962.0,1,[Fe/H],K3 IV,0.78,4.37,3
2059,203.0,HD 181433,4962.0,1,[Fe/H],K3 IV,0.78,4.37,3
2062,171.0,HD 181433,4962.0,1,[Fe/H],K3 IV,0.78,4.37,3
2066,117.59,HD 181720,5781.0,1,[Fe/H],G1 V,0.92,4.24,1
2072,1172.74,HD 183263,5936.0,1,[Fe/H],G2 IV,1.17,4.4,2
2079,11.2,HD 183579,5706.0,1,[Fe/H],G2 V,1.03,4.47,1
2102,8.5,HD 189567,5726.0,1,[Fe/H],G3 V,0.83,4.41,2
2103,7.0,HD 189567,5726.0,1,[Fe/H],G3 V,0.83,4.41,2
2137,985.2,HD 190984,5988.0,1,[Fe/H],F8 V,0.91,4.02,1
2141,10.4,HD 191939,5348.0,1,[Fe/H],G9 V,0.81,4.3,5
2143,7.2,HD 191939,5348.0,1,[Fe/H],G9 V,0.81,4.3,5
2145,5.8,HD 191939,5348.0,1,[Fe/H],G9 V,0.81,4.3,5
2147,108.0,HD 191939,5348.0,1,[Fe/H],G9 V,0.81,4.3,5
2148,2065.0,HD 191939,5348.0,1,[Fe/H],G9 V,0.81,4.3,5
2161,794.5,HD 192699,5220.0,1,[Fe/H],G8 IV,1.68,3.44,1
2183,11.66,HD 20003,5494.0,1,[Fe/H],G8 V,0.88,4.41,2
2184,14.44,HD 20003,5494.0,1,[Fe/H],G8 V,0.88,4.41,2
2193,634.38868,HD 202696,5040.0,1,[Fe/H],K0 III-IV,1.91,3.11,2
2194,592.43512,HD 202696,5040.0,1,[Fe/H],K0 III-IV,1.91,3.11,2
2203,1287.16,HD 204313,5767.0,1,[Fe/H],G5 V,1.04,4.37,2
2205,1360.0,HD 204313,5776.0,1,[Fe/H],G5 V,1.02,4.38,2
2207,17.6,HD 204313,5776.0,1,[Fe/H],G5 V,1.02,4.38,2
2229,14.4,HD 207897,5070.0,1,[Fe/H],K0 V,0.8,4.56,1
2230,2.7,HD 20794,5401.0,1,[Fe/H],G8 V,0.7,4.22,4
2233,2.4,HD 20794,5401.0,1,[Fe/H],G8 V,0.7,4.22,4
2235,4.8,HD 20794,5401.0,1,[Fe/H],G8 V,0.7,4.22,4
2240,3146.4,HD 208527,4035.0,1,[Fe/H],M1 III,1.6,1.4,1
2241,632.46,HD 20868,4795.0,1,[Fe/H],K3/4 IV,0.78,4.22,1
2243,444.962,HD 208897,4860.0,1,[Fe/H],K0,1.25,3.13,1
2272,1760.76937,HD 211403,6273.0,1,[Fe/H],F7 V,1.2,4.3,1
2283,8.83,HD 213885,5978.0,1,[Fe/H],G,1.07,4.38,2
2285,19.95,HD 213885,5978.0,1,[Fe/H],G,1.07,4.38,2
2289,1.819,HD 215152,4935.0,1,[Fe/H],K3 V,0.77,4.4,4
2290,1.72,HD 215152,4935.0,1,[Fe/H],K3 V,0.77,4.4,4
2291,2.801,HD 215152,4935.0,1,[Fe/H],K3 V,0.77,4.4,4
2292,2.877,HD 215152,4935.0,1,[Fe/H],K3 V,0.77,4.4,4
2294,6.6,HD 215497,5113.0,1,[Fe/H],K3 V,0.87,4.31,2
2295,104.3,HD 215497,5113.0,1,[Fe/H],K3 V,0.87,4.31,2
2305,467.19,HD 216536,4639.0,1,[Fe/H],K0,1.36,2.36,1
2308,8.23,HD 21693,5430.0,1,[Fe/H],G8 V,0.8,4.37,2
2309,17.37,HD 21693,5430.0,1,[Fe/H],G8 V,0.8,4.37,2
2323,3.7,GJ 143,4640.0,1,[Fe/H],K4.5,0.73,4.61,2
2329,3302.11,HD 219077,5362.0,1,[Fe/H],G8 V,1.05,4.0,1
2332,3.81396,HD 219134,4913.0,1,[Fe/H],K3 V,0.79,4.51,6
2333,4.33612,HD 219134,4699.0,1,[Fe/H],K3 V,0.78,4.63,6
2336,2.78,HD 219134,4699.0,1,[Fe/H],K3 V,0.78,4.63,6
2337,3.49613,HD 219134,4913.0,1,[Fe/H],K3 V,0.79,4.51,6
2339,8.94,HD 219134,4699.0,1,[Fe/H],K3 V,0.78,4.63,6
2341,21.29461,HD 219134,4913.0,1,[Fe/H],K3 V,0.79,4.51,6
2346,10.80622,HD 219134,4913.0,1,[Fe/H],K3 V,0.79,4.51,6
2347,108.0622,HD 219134,4913.0,1,[Fe/H],K3 V,0.79,4.51,6
2348,71.0,HD 219134,4699.0,1,[Fe/H],K3 V,0.78,4.63,6
2351,247.90616,HD 219139,4831.0,1,[Fe/H],G5 III,1.46,2.48,1
2352,317.83,HD 219415,4820.0,1,[Fe/H],K0 III,1.0,3.51,1
2356,19.8,HD 219828,5891.0,1,[Fe/H],G0 IV,1.24,4.18,2
2359,21.0,HD 219828,5891.0,1,[Fe/H],G0 IV,1.23,4.08,2
2360,4799.233,HD 219828,5891.0,1,[Fe/H],G0 IV,1.23,4.08,2
2363,3527.8,HD 220074,3935.0,1,[Fe/H],M2 III,1.2,1.1,1
2366,336.89,HD 220689,5921.0,1,[Fe/H],G3 V,1.04,4.32,1
2367,460.8,HD 220773,5940.0,1,[Fe/H],F9,1.16,4.24,1
2374,7278.27052,HD 221420,5847.0,1,[Fe/H],G2 IV-V,1.35,4.03,1
2375,511.7063,HD 221585,5620.0,1,[Fe/H],G8 IV,1.19,4.05,1
2376,495.8148,HD 222076,4806.0,1,[Fe/H],K0 III,1.07,3.31,1
2377,603.85,HD 222155,5765.0,1,[Fe/H],G2 V,1.13,4.1,1
2383,1897.4451,HD 224538,6097.0,1,[Fe/H],F9 IV/V,1.34,4.19,1
2384,225.65,HD 224693,6037.0,1,[Fe/H],G2 IV,1.33,4.38,1
2387,673.79622,HD 22532,5038.0,1,[Fe/H],G8 III/IV,1.57,3.09,1
2388,4338.2,HD 22781,5027.0,1,[Fe/H],K1,0.75,4.6,1
2396,343.24,HD 231701,6208.0,1,[Fe/H],F8 V,1.14,4.33,1
2398,2089.644,HD 233604,4791.0,1,[Fe/H],K5,1.5,2.55,1
2408,6.89,HD 238090,3933.0,1,[Fe/H],M0.0 V,0.58,4.7,1
2410,1655.82,HD 240210,4297.0,1,[Fe/H],K3 III,0.82,2.31,1
2412,1684.4,HD 240237,4361.0,1,[Fe/H],K2 III,1.69,1.66,1
2420,2987.602,HD 24064,4052.5,1,[Fe/H],K0,1.0,1.44,1
2422,1423.8784,HD 25015,5160.0,1,[Fe/H],K1 V,0.86,4.4,1
2425,794.57102,HD 25723,4766.0,1,[Fe/H],K1 III,2.12,2.5,1
2436,460.83,HD 27631,5737.0,1,[Fe/H],G3 IV-V,0.94,4.48,1
2440,197.05,HD 27894,4875.0,1,[Fe/H],K2 V,0.8,4.22,3
2443,1525.57635,HD 27969,5966.0,1,[Fe/H],G0 V,1.16,4.12,1
2450,291.438,HD 285507,4503.0,1,[Fe/H],K4.5 V,0.73,4.67,1
2458,762.792,HD 29021,5560.0,1,[Fe/H],G5,0.85,4.44,1
2459,807.25,HD 290327,5552.0,1,[Fe/H],G8 V,0.9,4.42,1
2461,498.9906,HD 29399,4845.0,1,[Fe/H],K1 III,1.17,3.25,1
2462,508.5,HD 2952,4844.0,1,[Fe/H],K0 III,2.54,2.67,1
2471,436.362,HD 30562,5994.0,1,[Fe/H],F8 V,1.23,4.34,1
2473,149.37,HD 30669,5400.0,1,[Fe/H],G9 V,0.92,4.37,1
2480,10.47,HD 31527,5898.0,1,[Fe/H],G2 V,0.96,4.45,3
2481,14.16,HD 31527,5898.0,1,[Fe/H],G2 V,0.96,4.45,3
2482,11.82,HD 31527,5898.0,1,[Fe/H],G2 V,0.96,4.45,3
2487,5.02,HD 3167,5261.0,1,[Fe/H],K0 V,0.86,4.47,3
2494,9.8,HD 3167,5261.0,1,[Fe/H],K0 V,0.86,4.47,3
2499,6.9,HD 3167,5261.0,1,[Fe/H],K0 V,0.86,4.47,3
2500,966.16,HD 32518,4580.0,1,[Fe/H],K1 III,1.13,2.1,1
2503,197.05,HD 330075,5017.0,1,[Fe/H],K1,0.7,4.22,1
2505,476.74261,HD 331093,5544.0,1,[Fe/H],K0,1.03,4.2,1
2511,77.55052,HD 332231,6089.0,1,[Fe/H],F8,1.13,4.28,1
2516,2892.1,HD 33564,6250.0,1,[Fe/H],F6 V,1.25,4.0,1
2518,622.9468,HD 33844,4861.0,1,[Fe/H],K0 III,1.78,3.24,2
2519,556.2025,HD 33844,4861.0,1,[Fe/H],K0 III,1.78,3.24,2
2522,200.0,HD 34445,5836.0,1,[Fe/H],G0 V,1.07,4.21,6
2524,53.5,HD 34445,5836.0,1,[Fe/H],G0 V,1.07,4.21,6
2525,30.7,HD 34445,5836.0,1,[Fe/H],G0 V,1.07,4.21,6
2526,16.8,HD 34445,5836.0,1,[Fe/H],G0 V,1.07,4.21,6
2527,37.9,HD 34445,5836.0,1,[Fe/H],G0 V,1.07,4.21,6
2528,120.6,HD 34445,5836.0,1,[Fe/H],G0 V,1.07,4.21,6
2529,1195.0408,HD 35759,6060.0,1,[Fe/H],G0,1.15,4.24,1
2530,238.37131,HD 360,4770.0,1,[Fe/H],G8 III,1.69,2.59,1
2555,890.522,HD 37605,5448.0,1,[Fe/H],K0 V,1.0,4.51,2
2556,1069.771,HD 37605,5448.0,1,[Fe/H],K0 V,1.0,4.51,2
2581,4099.98645,HD 39091,6037.0,1,[Fe/H],G0 V,1.09,4.42,3
2584,3184.6566,HD 39091,6037.0,1,[Fe/H],G0 V,1.09,4.42,3
2586,4.0,HD 39194,5205.0,1,[Fe/H],K0 V,0.67,4.53,3
2587,6.3,HD 39194,5205.0,1,[Fe/H],K0 V,0.67,4.53,3
2588,4.0,HD 39194,5205.0,1,[Fe/H],K0 V,0.67,4.53,3
2590,3.81,HD 40307,4977.0,1,[Fe/H],K3 V,0.77,4.47,5
2592,4.0,HD 40307,4956.0,1,[Fe/H],K2.5 V,0.77,4.47,5
2593,6.6,HD 40307,4956.0,1,[Fe/H],K2.5 V,0.77,4.47,5
2595,6.43,HD 40307,4977.0,1,[Fe/H],K3 V,0.77,4.47,5
2596,8.74,HD 40307,4977.0,1,[Fe/H],K3 V,0.77,4.47,5
2597,9.5,HD 40307,4956.0,1,[Fe/H],K2.5 V,0.77,4.47,5
2599,3.63,HD 40307,4977.0,1,[Fe/H],K3 V,0.77,4.47,5
2600,5.2,HD 40307,4956.0,1,[Fe/H],K2.5 V,0.77,4.47,5
2613,508.528,HD 42012,5405.0,1,[Fe/H],K0,0.83,4.45,1
2628,14.4,HD 42618,5727.0,1,[Fe/H],G4 V,1.01,4.44,1
2634,190.69,HD 43197,5508.0,1,[Fe/H],G8 V,0.96,4.31,1
2637,184.33,HD 44219,5752.0,1,[Fe/H],G2 V,1.0,4.21,1
2638,12.19,HD 45184,5869.0,1,[Fe/H],G1.5 V,1.03,4.47,2
2640,8.81,HD 45184,5869.0,1,[Fe/H],G1.5 V,1.03,4.47,2
2642,311.46,HD 45350,5616.0,1,[Fe/H],G5 V,1.02,4.32,1
2646,59.4953,HD 45364,5434.0,1,[Fe/H],K0 V,0.82,4.38,2
2647,209.0915,HD 45364,5434.0,1,[Fe/H],K0 V,0.82,4.38,2
2649,150.0,HD 45652,5312.0,1,[Fe/H],G8-K0,0.83,4.32,1
2659,556.2025,HD 47366,4866.0,1,[Fe/H],K1 III,1.81,2.97,2
2661,591.1638,HD 47366,4866.0,1,[Fe/H],K1 III,1.81,2.97,2
2668,467.2101,HD 48265,5650.0,1,[Fe/H],G5 IV/V,1.28,3.92,1
2677,460.8535,HD 50499,6099.0,1,[Fe/H],G1 V,1.31,4.42,2
2680,931.2419,HD 50499,6099.0,1,[Fe/H],G1 V,1.31,4.42,2
2687,12.77,HD 51608,5358.0,1,[Fe/H],G7 V,0.8,4.36,2
2688,14.31,HD 51608,5358.0,1,[Fe/H],G7 V,0.8,4.36,2
2695,7.8,HD 5278,6203.0,1,[Fe/H],F V,1.13,4.5,2
2697,18.4,HD 5278,6203.0,1,[Fe/H],F V,1.13,4.5,2
2699,616.56,HD 5319,5052.0,1,[Fe/H],G5 IV,1.56,3.57,2
2701,559.36,HD 5319,4958.0,1,[Fe/H],K3 IV,1.51,3.45,2
2705,365.49,HD 5319,4958.0,1,[Fe/H],K3 IV,1.51,3.45,2
2711,104.88,HD 564,5902.0,1,[Fe/H],G2/G3 V,0.96,4.53,1
2715,2065.895,HD 60292,4348.0,1,[Fe/H],K0 III,1.7,1.9,1
2717,327.35,HD 60532,6095.0,1,[Fe/H],F6 IV,1.44,3.83,2
2719,781.83,HD 60532,6095.0,1,[Fe/H],F6 IV,1.44,3.83,2
2732,120.0,HD 63454,4841.0,1,[Fe/H],K4 V,0.8,4.23,1
2734,203.4,HD 63765,5432.0,1,[Fe/H],G9 V,0.86,4.42,1
2740,813.64072,HD 64121,5078.0,1,[Fe/H],G8/K0 III,1.64,3.19,1
2750,1906.9,HD 66141,4323.0,1,[Fe/H],K2 III,1.1,1.78,1
2758,973.0,HD 67087,6330.0,1,[Fe/H],F8 V,1.36,4.19,2
2759,1540.0,HD 67087,6330.0,1,[Fe/H],F8 V,1.36,4.19,2
2762,975.7381,HD 68402,5950.0,1,[Fe/H],G5 IV/V,1.12,4.47,1
2768,966.19836,HD 69123,4842.0,1,[Fe/H],K1 III,1.68,2.86,1
2775,1900.0,HD 70573,5737.0,1,[Fe/H],G1-1.5 V,1.0,4.59,1
2786,1001.1645,HD 72659,5926.0,1,[Fe/H],G2 V,1.06,4.24,1
2790,1732.1735,HD 72892,5688.0,1,[Fe/H],G5 V,1.02,4.27,1
2791,973.0,HD 73267,5317.0,1,[Fe/H],G5 V,0.89,4.28,1
2797,350.0,HD 73534,5041.0,1,[Fe/H],G5 IV,1.23,3.78,1
2802,10.2,HD 73583,4511.0,1,[Fe/H],K4 V,0.73,4.62,2
2803,9.7,HD 73583,4511.0,1,[Fe/H],K4 V,0.73,4.62,2
2825,365.49,HD 75784,4917.0,1,[Fe/H],K3 IV,1.41,3.56,2
2831,797.7533,HD 75898,6021.0,1,[Fe/H],G0 V,1.28,4.16,1
2835,1249.0719,HD 76920,4698.0,1,[Fe/H],K1 III,1.17,2.94,1
2838,203.41018,HD 79181,4862.0,1,[Fe/H],G8 III,1.28,2.45,1
2841,9.26,HD 7924,5177.0,1,[Fe/H],K0 V,0.83,4.59,3
2843,8.68,HD 7924,5075.0,1,[Fe/H],K0.5 V,0.83,4.59,3
2844,7.86,HD 7924,5075.0,1,[Fe/H],K0.5 V,0.83,4.59,3
2847,6.44,HD 7924,5075.0,1,[Fe/H],K0.5 V,0.83,4.59,3
2859,1544.64606,HD 80869,5837.0,1,[Fe/H],G1 V,1.08,4.18,1
2860,2180.3138,HD 81040,5700.0,1,[Fe/H],G2/G3,0.96,4.5,1
2864,8613.193,HD 81817,4140.0,1,[Fe/H],K3 III,4.3,1.3,1
2889,3.6,HD 85512,4715.0,1,[Fe/H],K5 V,0.69,4.39,1
2897,143.0235,HD 86226,5863.0,1,[Fe/H],G1 V,1.02,4.4,2
2899,292.39,HD 86226,5903.0,1,[Fe/H],G2 V,1.06,4.36,2
2901,7.25,HD 86226,5863.0,1,[Fe/H],G1 V,1.02,4.4,2
2904,1144.188,HD 86950,4805.0,1,[Fe/H],K1 III,1.66,2.66,1
2911,92.1707,HD 88133,5494.0,1,[Fe/H],G5 IV,1.2,4.23,1
2928,352.7913,HD 9174,5577.0,1,[Fe/H],G8 IV,1.03,4.03,1
2931,1195.0408,HD 92788,5744.0,1,[Fe/H],G6 V,1.15,4.39,2
2933,1061.5522,HD 92788,5754.0,1,[Fe/H],G5 V,1.06,4.41,2
2935,1166.4361,HD 92788,5744.0,1,[Fe/H],G6 V,1.15,4.39,2
2937,5364.9704,HD 92987,5770.0,1,[Fe/H],G2/G3 V,1.08,4.0,1
2939,117.59,HD 93083,4995.0,1,[Fe/H],K3 V,0.7,4.26,1
2940,4.2,HD 93385,5977.0,1,[Fe/H],G2/G3 V,1.04,4.42,3
2941,7.1,HD 93385,5977.0,1,[Fe/H],G2/G3 V,1.04,4.42,3
2942,8.7,HD 93385,5977.0,1,[Fe/H],G2/G3 V,1.04,4.42,3
2943,222.472,HD 9446,5793.0,1,[Fe/H],G5 V,1.0,4.53,2
2944,578.426,HD 9446,5793.0,1,[Fe/H],G5 V,1.0,4.53,2
2955,1592.26,HD 95127,4218.0,1,[Fe/H],K0,1.2,1.78,1
2956,42.44,HD 95338,5212.0,1,[Fe/H],K0.5 V,0.83,4.54,1
2958,2173.9463,HD 95544,5722.0,1,[Fe/H],G3 V,1.09,4.07,1
2960,1462.018,HD 95872,5312.0,1,[Fe/H],K0 V,0.95,4.43,1
2964,1271.32,HD 96127,4152.0,1,[Fe/H],K2 III,0.91,2.06,1
2970,8.9,HD 96700,5845.0,1,[Fe/H],G0 V,0.89,4.39,3
2971,3.5,HD 96700,5845.0,1,[Fe/H],G0 V,0.89,4.39,3
2972,12.7,HD 96700,5845.0,1,[Fe/H],G0 V,0.89,4.39,3
2975,7.55,HD 97658,5170.0,1,[Fe/H],K1,0.77,4.58,1
2979,8.3,HD 97658,5212.0,1,[Fe/H],K1 V,0.85,4.64,1
2987,2161.2,HD 98649,5759.0,1,[Fe/H],G4 V,1.0,4.38,1
2988,2158.0657,HD 98649,5790.0,1,[Fe/H],G3/G5 V,1.03,4.51,1
2993,308.29355,HD 99283,4886.0,1,[Fe/H],K0 III,1.76,2.57,1
3004,2606.1,HIP 105854,4780.0,1,[Fe/H],K2 III,2.1,2.94,1
3006,629.3034,HIP 107773,4945.0,1,[Fe/H],K1 III,2.42,2.6,1
3007,495.8148,HIP 109384,5180.0,1,[Fe/H],G5,0.78,4.43,1
3009,616.58711,HIP 114933,4823.0,1,[Fe/H],K0 III,1.39,2.99,1
3016,1233.1804,HIP 14810,5485.0,1,[Fe/H],G5 V,0.99,4.22,3
3021,406.8224,HIP 14810,5485.0,1,[Fe/H],G5 V,0.99,4.22,3
3022,181.1631,HIP 14810,5485.0,1,[Fe/H],G5 V,0.99,4.22,3
3048,1166.43025,HIP 56640,4769.0,1,[Fe/H],K1 III,1.04,2.91,1
3049,11.6,HIP 57274,4640.0,1,[Fe/H],K4 V,0.73,4.71,3
3052,130.0,HIP 57274,4640.0,1,[Fe/H],K4 V,0.73,4.71,3
3053,167.4,HIP 57274,4640.0,1,[Fe/H],K4 V,0.73,4.71,3
3055,2917.56,HIP 63242,4830.0,1,[Fe/H],G8,1.54,2.53,1
3059,136.03124,HIP 65407,5460.0,1,[Fe/H],K0,0.93,4.47,2
3060,249.17872,HIP 65407,5460.0,1,[Fe/H],K0,0.93,4.47,2
3062,1906.98,HIP 65891,5000.0,1,[Fe/H],K0 III,2.5,2.9,1
3064,3527.913,HIP 67537,4985.0,1,[Fe/H],K1 III,2.41,2.85,1
3065,457.66,HIP 67851,4890.0,1,[Fe/H],K0 III,1.63,3.15,2
3066,438.6054,HIP 67851,4890.0,1,[Fe/H],K0 III,1.63,3.15,2
3067,429.05,HIP 67851,4805.0,1,[Fe/H],K0 III,1.3,3.04,2
3068,1233.13,HIP 67851,4805.0,1,[Fe/H],K0 III,1.3,3.04,2
3069,2002.2,HIP 67851,4890.0,1,[Fe/H],K0 III,1.63,3.15,2
3070,1900.6234,HIP 67851,4890.0,1,[Fe/H],K0 III,1.63,3.15,2
3073,762.792,HIP 74890,4850.0,1,[Fe/H],K1 III,1.74,3.1,1
3075,568.91285,HIP 75092,4891.0,1,[Fe/H],K0 III,1.28,3.09,1
3083,622.94368,HIP 90988,4883.0,1,[Fe/H],K1 III,1.3,3.32,1
3084,339.428,HIP 91258,5519.0,1,[Fe/H],G5 V,0.95,4.53,1
3087,20.0,HIP 97166,5198.0,1,[Fe/H],K0 V,0.9,4.41,2
3088,9.9,HIP 97166,5198.0,1,[Fe/H],K0 V,0.9,4.41,2
3089,6356.3,HIP 97233,5020.0,1,[Fe/H],K0,1.93,3.26,1
3130,21.8,K2-100,5945.0,1,[Fe/H],G0 V,1.15,4.33,1
3168,266.9772,K2-107,6030.0,1,[Fe/H],F9 IV,1.3,4.07,1
3182,16.7,K2-110,5010.0,1,[Fe/H],K3 V,0.74,4.6,1
3187,5.29,K2-111,5775.0,1,[Fe/H],G2,0.84,4.25,2
3192,11.3,K2-111,5775.0,1,[Fe/H],G2,0.84,4.25,2
3195,410.0007,K2-113,5627.0,1,[Fe/H],G,1.01,4.4,1
3322,158.915,K2-137,3492.0,1,[Fe/H],M3 V,0.46,4.82,1
3340,123.00021,K2-139,5340.0,1,[Fe/H],K0 V,0.92,4.5,1
3350,323.86877,K2-140,5654.0,1,[Fe/H],G5,1.0,4.45,1
3351,295.58042,K2-140,5585.0,1,[Fe/H],G6 V,0.96,4.4,1
3356,5.31,K2-141,4373.0,1,[Fe/H],K7 V,0.66,4.58,2
3363,5.6,K2-146,3385.0,1,[Fe/H],M3.0 V,0.36,4.91,2
3368,7.1,K2-146,3385.0,1,[Fe/H],M3.0 V,0.36,4.91,2
3501,11.44182,K2-180,5110.0,1,[Fe/H],K2 V,0.71,4.3,1
3717,8.0,K2-216,4503.0,1,[Fe/H],K5 V,0.7,4.57,1
3786,392.83788,K2-237,6099.0,1,[Fe/H],F9 V,1.23,4.27,1
3787,508.528,K2-237,6257.0,1,[Fe/H],F6 V,1.28,4.24,1
3790,273.3338,K2-238,5630.0,1,[Fe/H],G2 V,1.19,4.11,1
3799,21.0,K2-24,5743.0,1,[Fe/H],G3,1.12,4.29,2
3803,27.0,K2-24,5743.0,1,[Fe/H],G3,1.12,4.29,2
3824,24.5,K2-25,3207.0,1,[Fe/H],M4.5 V,0.26,4.94,1
3846,451.3186,K2-260,6367.0,1,[Fe/H],F6 V,1.39,4.15,1
3850,70.87609,K2-261,5537.0,1,[Fe/H],G7 IV/V,1.1,4.21,1
3853,14.8,K2-263,5368.0,1,[m/H],G9 V,0.88,4.51,1
3986,9.68,K2-285,4975.0,1,[Fe/H],K2 V,0.83,4.4,4
3987,15.68,K2-285,4975.0,1,[Fe/H],K2 V,0.83,4.4,4
3988,6.5,K2-285,4975.0,1,[Fe/H],K2 V,0.83,4.4,4
3989,10.7,K2-285,4975.0,1,[Fe/H],K2 V,0.83,4.4,4
4009,24.5,K2-292,5725.0,1,[Fe/H],G3 V,1.0,4.33,1
4014,106.47305,K2-295,4444.0,1,[Fe/H],K5 V,0.74,4.63,1
4023,6.48,K2-3,3896.0,1,[Fe/H],M0.0&plusmn;0.5,0.6,4.73,3
4032,2.14,K2-3,3896.0,1,[Fe/H],M0.0&plusmn;0.5,0.6,4.73,3
4040,2.80007,K2-3,3896.0,1,[Fe/H],M0.0&plusmn;0.5,0.6,4.73,3
4052,187.20187,K2-30,5575.0,1,[Fe/H],G,0.92,4.6,1
4054,184.02357,K2-30,5425.0,1,[Fe/H],G6 V,0.9,4.54,1
4056,198.00809,K2-30,5581.0,1,[Fe/H],G8 V,0.98,4.48,1
4148,559.3808,K2-34,6132.0,1,[Fe/H],F9 V,1.28,4.17,1
4153,539.67534,K2-34,6149.0,1,[Fe/H],F,1.23,4.2,1
4303,12.0,K2-38,5757.0,1,[Fe/H],G2 V,1.07,4.35,2
4308,9.9,K2-38,5757.0,1,[Fe/H],G2 V,1.07,4.35,2
4504,135.39558,K2-60,5500.0,1,[Fe/H],G4 V,0.97,4.07,1
4677,32.2,K2-98,6120.0,1,[Fe/H],F8 V,1.07,4.23,1
4684,308.2951,K2-99,5990.0,1,[Fe/H],G0 IV,1.6,3.67,1
4694,215.80657,KELT-10,5948.0,1,[Fe/H],G0 V,1.11,4.32,1
4704,408.09372,KELT-14,5720.0,1,[Fe/H],G4,1.24,4.17,1
4712,416.3573,KELT-17,7454.0,1,[Fe/H],A,1.64,4.22,1
4721,1074.90106,KELT-20,8720.0,1,[Fe/H],A2 V,1.76,4.29,1
4722,5403.11,KELT-20,8980.0,1,[Fe/H],A2,1.89,4.31,1
4723,1242.7153,KELT-21,7598.0,1,[Fe/H],A8 V,1.46,4.17,1
4727,1334.87931,KELT-24,6415.0,1,[Fe/H],F7,1.3,4.18,1
4739,136.661,KELT-6,6102.0,1,[Fe/H],F8,1.08,4.07,2
4745,406.8224,KELT-7,6789.0,1,[Fe/H],F,1.53,4.15,1
4746,275.55861,KELT-8,5754.0,1,[Fe/H],G2 V,1.21,4.08,1
4769,3750.394,KIC 7917485,7067.0,1,[Fe/H],A,1.63,4.0,1
5101,346.4347,KPS-1,5165.0,1,[Fe/H],K1 V,0.89,4.47,1
5288,51.1,Kepler-101,5667.0,1,[Fe/H],G3 IV,1.17,4.12,2
5298,3.78,Kepler-101,5667.0,1,[Fe/H],G3 IV,1.17,4.12,2
7503,29.875,Kepler-117,6150.0,1,[Fe/H],F8 V,1.13,4.1,2
7520,584.78,Kepler-117,6150.0,1,[Fe/H],F8 V,1.13,4.1,2
13367,158.915,Kepler-1654,5597.0,1,[Fe/H],G5 V,1.01,4.3,1
13376,5.0,Kepler-1655,6148.0,1,[Fe/H],G0 V,1.03,4.36,1
17356,36.0,Kepler-22,5518.0,1,[Fe/H],G5 V,0.97,4.44,1
22589,5720.7,Kepler-39,6260.0,1,[Fe/H],F7 IV,1.1,4.1,1
22594,6388.1,Kepler-39,6350.0,1,[Fe/H],F7 V,1.29,4.4,1
22859,699.2,Kepler-40,6510.0,1,[Fe/H],F5 IV,1.48,3.94,1
23072,174.8,Kepler-41,5620.0,1,[Fe/H],G6 V,1.12,4.47,1
23082,177.98,Kepler-41,5750.0,1,[Fe/H],G2 V,1.15,4.28,1
23130,298.43,Kepler-412,5750.0,1,[Fe/H],G3 V,1.17,4.3,1
23311,189.101,Kepler-423,5560.0,1,[M/H],G4 V,0.85,4.41,1
23338,79.45,Kepler-425,5170.0,1,[Fe/H],K1 V,0.93,4.54,1
23347,108.06,Kepler-426,5725.0,1,[Fe/H],G1 V,0.91,4.47,1
23362,92.17,Kepler-427,5800.0,1,[Fe/H],G2 V,0.96,4.14,1
23366,403.63,Kepler-428,5150.0,1,[Fe/H],K1 V,0.87,4.57,1
23385,994.77,Kepler-43,6050.0,1,[Fe/H],F8 V,1.27,4.26,1
23386,1026.55,Kepler-43,6041.0,1,[Fe/H],G0 IV-V,1.32,4.26,1
23531,324.17,Kepler-44,5757.0,1,[Fe/H],G2 IV,1.19,4.15,1
23532,317.82,Kepler-44,5800.0,1,[Fe/H],G2 IV,1.12,4.22,1
23698,435.41,Kepler-447,5493.0,1,[Fe/H],G8 V,1.0,4.4,1
23727,160.497,Kepler-45,3820.0,1,[Fe/H],M,0.59,4.7,1
24932,308.2951,Kepler-539,5820.0,1,[Fe/H],G2 V,1.05,4.5,2
24938,762.792,Kepler-539,5820.0,1,[Fe/H],G2 V,1.05,4.5,2
26121,9.0,Kepler-62,4925.0,1,[Fe/H],K2 V,0.69,4.68,5
26137,4.0,Kepler-62,4925.0,1,[Fe/H],K2 V,0.69,4.68,5
26144,14.0,Kepler-62,4925.0,1,[Fe/H],K2 V,0.69,4.68,5
26156,36.0,Kepler-62,4925.0,1,[Fe/H],K2 V,0.69,4.68,5
26172,35.0,Kepler-62,4925.0,1,[Fe/H],K2 V,0.69,4.68,5
27573,200.22,Kepler-74,6000.0,1,[Fe/H],F8 V,1.18,4.44,1
27575,216.12,Kepler-74,6050.0,1,[Fe/H],F8 V,1.4,4.2,1
27689,3209.9,Kepler-75,5200.0,1,[Fe/H],K0 V,0.91,4.5,1
27692,3146.4,Kepler-75,5330.0,1,[Fe/H],G8 V,0.88,4.5,1
27840,635.63,Kepler-76,6409.0,1,[m/H],F,1.2,4.2,1
27964,136.661,Kepler-77,5520.0,1,[M/H],G5 V,0.95,4.42,1
28372,6.93,Kepler-80,4540.0,1,[Fe/H],K5,0.73,4.64,6
28382,6.74,Kepler-80,4540.0,1,[Fe/H],K5,0.73,4.64,6
28389,6.75,Kepler-80,4540.0,1,[Fe/H],K5,0.73,4.64,6
28406,4.13,Kepler-80,4540.0,1,[Fe/H],K5,0.73,4.64,6
29803,279.68,Kepler-91,4550.0,1,[Fe/H],K3,1.31,2.95,1
30864,4.6,L 168-9,3800.0,1,[Fe/H],M1 V,0.62,4.04,1
30867,0.4,L 98-59,3415.0,1,[Fe/H],M3 V,0.27,4.86,4
30868,1.01,L 98-59,3412.0,1,[Fe/H],M3 V,0.31,4.94,4
30872,2.22,L 98-59,3415.0,1,[Fe/H],M3 V,0.27,4.86,4
30873,2.42,L 98-59,3412.0,1,[Fe/H],M3 V,0.31,4.94,4
30874,2.31,L 98-59,3412.0,1,[Fe/H],M3 V,0.31,4.94,4
30875,1.94,L 98-59,3415.0,1,[Fe/H],M3 V,0.27,4.86,4
30878,3.06,L 98-59,3415.0,1,[Fe/H],M3 V,0.27,4.86,4
30887,2.33,LHS 1478,3381.0,1,[Fe/H],m3 V,0.24,4.87,1
30892,8.7,LHS 1815,3643.0,1,[Fe/H],M1,0.5,4.77,1
30898,30.8,LP 714-47,3950.0,1,[Fe/H],M0.0 V,0.59,4.64,1
30905,13.3,LSPM J2116+0234,3475.0,1,[Fe/H],M3.0 V,0.43,4.95,1
30917,29.32,LTT 9779,5443.0,1,[Fe/H],G7 V,0.77,4.35,1
30921,1175.971,MASCARA-1,7554.0,1,[Fe/H],A8,1.72,4.0,1
30995,489.44,NGC 2682 Sand 364,4284.0,1,[Fe/H],K3 III,1.35,2.2,1
30998,108.06,NGC 2682 YBP 1194,5780.0,1,[Fe/H],G5 V,1.01,4.44,1
31002,127.13,NGC 2682 YBP 1514,5725.0,1,[Fe/H],G5 V,0.96,4.57,1
31007,258.07796,NGTS-1,3916.0,1,[M/H],M0.5,0.62,4.71,1
31008,687.14846,NGTS-10,4600.0,1,[M/H],K5 V,0.7,4.59,1
31010,109.33352,NGTS-11,5050.0,1,[Fe/H],K,0.86,4.5,1
31011,66.10864,NGTS-12,5690.0,1,[Fe/H],G,1.02,4.04,1
31014,238.68913,NGTS-15,5600.0,1,[Fe/H],G6 V,0.99,4.4,1
31015,211.99155,NGTS-16,5550.0,1,[Fe/H],G7 V,1.0,4.35,1
31016,242.8209,NGTS-17,5650.0,1,[Fe/H],G4 V,1.02,4.0,1
31017,129.99182,NGTS-18,5610.0,1,[Fe/H],G5 V,1.0,4.16,1
31018,235.1942,NGTS-2,6478.0,1,[Fe/H],F5 V,1.64,4.2,1
31022,72.78307,NGTS-5,4987.0,1,[Fe/H],K2 V,0.66,4.52,1
31024,295.5819,NGTS-8,5241.0,1,[Fe/H],K0 V,0.89,4.41,1
31025,921.707,NGTS-9,6330.0,1,[Fe/H],F8 V,1.34,4.37,1
31216,1500.0,OGLE-2018-BLG-0740L,5912.0,1,[Fe/H],G V,1.0,4.5,1
31319,734.16,POTS-1,4400.0,1,[Fe/H],K5 V,0.69,4.63,1
31351,233.92288,Qatar-10,6124.0,1,[Fe/H],F7 V,1.16,4.3,1
31362,1369.8473,Qatar-3,6007.0,1,[Fe/H],G0 V,1.15,4.29,1
31365,1938.763,Qatar-4,5215.0,1,[Fe/H],K1 V,0.9,4.53,1
31368,1373.0256,Qatar-5,5747.0,1,[Fe/H],G2 V,1.13,4.43,1
31371,597.5204,Qatar-7,6387.0,1,[Fe/H],F4 V,1.41,4.2,1
31372,117.91493,Qatar-8,5738.0,1,[Fe/H],G0 V,1.03,4.21,1
31374,378.2177,Qatar-9,4309.0,1,[Fe/H],K5 V,0.72,4.61,1
31399,617.22586,TIC 237913194,5788.0,1,[Fe/H],G3,1.03,4.38,1
31403,10.15,TOI-1062,5328.0,1,[Fe/H],G9 V,0.94,4.55,2
31404,9.78,TOI-1062,5328.0,1,[Fe/H],G9 V,0.94,4.55,2
31412,309.56642,TOI-1130,4250.0,1,[Fe/H],K7,0.68,4.6,2
31421,15.4,TOI-1231,3553.0,1,[Fe/H],M3 V,0.48,4.77,1
31425,5.9,TOI-1235,3997.0,1,[Fe/H],M0.5 V,0.63,4.64,1
31426,8.1,TOI-1246,5151.0,1,[Fe/H],K V,0.87,4.4,4
31427,8.8,TOI-1246,5151.0,1,[Fe/H],K V,0.87,4.4,4
31428,5.3,TOI-1246,5151.0,1,[Fe/H],K V,0.87,4.4,4
31429,14.8,TOI-1246,5151.0,1,[Fe/H],K V,0.87,4.4,4
31431,9.5,TOI-125,5320.0,1,[Fe/H],K0 V,0.86,4.52,3
31434,6.63,TOI-125,5320.0,1,[Fe/H],K0 V,0.86,4.52,3
31437,13.6,TOI-125,5320.0,1,[Fe/H],K0 V,0.86,4.52,3
31440,8.6,TOI-1260,4227.0,1,[Fe/H],K6 V,0.66,4.57,2
31443,11.8,TOI-1260,4227.0,1,[Fe/H],K6 V,0.66,4.57,2
31444,15.9,TOI-1266,3573.0,1,[Fe/H],M2 V,0.44,4.83,2
31446,13.5,TOI-1266,3600.0,1,[Fe/H],M3,0.45,4.85,2
31447,6.4,TOI-1266,3573.0,1,[Fe/H],M2 V,0.44,4.83,2
31449,2.2,TOI-1266,3600.0,1,[Fe/H],M3,0.45,4.85,2
31450,96.4,TOI-1268,5300.0,1,[Fe/H],K1-K2,0.96,4.55,1
31454,5879.82553,TOI-1278,3799.0,1,[Fe/H],M0 V,0.54,4.68,1
31462,22.4,TOI-132,5397.0,1,[Fe/H],G8 V,0.97,4.48,1
31468,991.62463,TOI-1431,7690.0,1,[Fe/H],Am C,1.9,4.15,1
31477,797.7533,TOI-150,6255.0,1,[Fe/H],F,1.35,4.13,1
31479,731.00534,TOI-1518,7300.0,1,[Fe/H],F0,1.79,4.1,1
31482,375.0394,TOI-157,5404.0,1,[Fe/H],G9 IV,0.95,4.28,1
31487,387.7526,TOI-163,6495.0,1,[Fe/H],F,1.44,4.19,1
31491,41.31769,TOI-1670,6170.0,1,[Fe/H],F7 V,1.21,4.29,2
31492,200.2319,TOI-1670,6170.0,1,[Fe/H],F7 V,1.21,4.29,2
31493,3.78,TOI-1685,3434.0,1,[Fe/H],M3.0 V,0.49,4.85,1
31496,251.40353,TOI-169,5880.0,1,[Fe/H],G1 V,1.15,4.28,1
31500,28.3,TOI-1710,5665.0,1,[Fe/H],G5 V,0.98,4.46,1
31505,26.78,TOI-1728,3980.0,1,[Fe/H],M0,0.65,4.66,1
31506,57.0,TOI-1749,3985.0,1,[Fe/H],M0 V,0.58,4.7,3
31507,14.0,TOI-1749,3985.0,1,[Fe/H],M0 V,0.58,4.7,3
31509,15.0,TOI-1749,3985.0,1,[Fe/H],M0 V,0.58,4.7,3
31512,10.8,TOI-1759,4065.0,1,[Fe/H],M0.0 V,0.61,4.65,1
31513,1.5,TOI-178,4316.0,1,[Fe/H],K,0.65,4.45,6
31514,4.77,TOI-178,4316.0,1,[Fe/H],K,0.65,4.45,6
31516,3.01,TOI-178,4316.0,1,[Fe/H],K,0.65,4.45,6
31518,3.86,TOI-178,4316.0,1,[Fe/H],K,0.65,4.45,6
31519,7.72,TOI-178,4316.0,1,[Fe/H],K,0.65,4.45,6
31521,3.94,TOI-178,4316.0,1,[Fe/H],K,0.65,4.45,6
31522,222.47988,TOI-1789,5991.0,1,[Fe/H],F,1.51,3.94,1
31529,209.7678,TOI-1899,3841.0,1,[Fe/H],M0,0.63,4.67,1
31532,133.4886,TOI-201,6394.0,1,[Fe/H],F6 V,1.32,4.32,1
31541,1595.4986,TOI-2109,6540.0,1,[Fe/H],F,1.45,4.14,1
31550,875.61726,TOI-2180,5695.0,1,[Fe/H],G5,1.11,4.06,1
31556,13.8,TOI-220,5298.0,1,[Fe/H],K0 V,0.82,4.37,1
31558,310.83618,TOI-2202,5144.0,1,[Fe/H],K8 V,0.82,4.55,2
31559,117.27868,TOI-2202,5144.0,1,[Fe/H],K8 V,0.82,4.55,2
31580,8.8,TOI-269,3514.0,1,[Fe/H],M2 V,0.39,4.83,1
31584,1.58,TOI-270,3506.0,1,[Fe/H],M,0.39,4.87,3
31585,6.15,TOI-270,3506.0,1,[Fe/H],M,0.39,4.87,3
31590,4.78,TOI-270,3506.0,1,[Fe/H],M,0.39,4.87,3
31606,486.2799,TOI-481,5735.0,1,[Fe/H],G,1.14,4.06,1
31609,1.42,TOI-500,4440.0,1,[Fe/H],K6 V,0.74,4.62,4
31610,5.03,TOI-500,4440.0,1,[Fe/H],K6 V,0.74,4.62,4
31611,33.12,TOI-500,4440.0,1,[Fe/H],K6 V,0.74,4.62,4
31612,15.05,TOI-500,4440.0,1,[Fe/H],K6 V,0.74,4.62,4
31616,127.13136,TOI-530,3659.0,1,[Fe/H],M0.5 V,0.53,4.7,1
31623,1147.36055,TOI-558,6466.0,1,[Fe/H],F V,1.35,4.22,1
31626,1910.14873,TOI-559,5925.0,1,[Fe/H],G V,1.03,4.27,1
31629,1.59,TOI-561,5455.0,1,[Fe/H],G9 V,0.79,4.47,5
31630,5.4,TOI-561,5455.0,1,[Fe/H],G9 V,0.79,4.47,5
31645,23.6,TOI-674,3514.0,1,[Fe/H],M2 V,0.42,4.81,1
31646,392.83788,TOI-677,6295.0,1,[Fe/H],F8,1.18,4.29,1
31658,9.79,TOI-763,5450.0,1,[Fe/H],G,0.92,4.45,2
31661,9.32,TOI-763,5450.0,1,[Fe/H],G,0.92,4.45,2
31663,4.0,TOI-776,3709.0,1,[Fe/H],M1 V,0.54,4.73,2
31664,5.3,TOI-776,3709.0,1,[Fe/H],M1 V,0.54,4.73,2
31670,18.467,TOI-824,4600.0,1,[Fe/H],K4 V,0.71,4.61,1
31672,381.396,TOI-837,6047.0,1,[Fe/H[,G0/F9 V,1.12,4.47,1
31675,39.09,TOI-849,5373.8,1,[Fe/H],G,0.93,4.48,1
31677,301.9385,TOI-892,6261.0,1,[Fe/H],F,1.28,4.26,1
31720,104.88337,TYC 2187-512-1,3734.0,1,[Fe/H],M1.0 V,0.5,4.68,1
31840,158.91,WASP-101,6400.0,1,[Fe/H],F6,1.34,4.34,1
31842,473.547,WASP-103,6110.0,1,[Fe/H],F8 V,1.22,4.22,1
31850,572.094,WASP-105,5070.0,1,[Fe/H],K2,0.89,4.2,1
31853,611.797,WASP-106,6055.0,1,[Fe/H],F9,1.19,4.23,1
31858,38.1396,WASP-107,4430.0,1,[Fe/H],K6,0.69,4.5,2
31873,150.96925,WASP-113,5890.0,1,[Fe/H],G1,1.32,4.2,1
31880,87.5585,WASP-117,6038.0,1,[Fe/H],F9,1.13,4.28,1
31883,163.36462,WASP-118,6410.0,1,[Fe/H],F6,1.32,4.1,1
31887,390.9309,WASP-119,5650.0,1,[Fe/H],G5,1.02,4.26,1
31903,1541.4755,WASP-120,6450.0,1,[Fe/H],F5,1.39,4.04,1
31909,375.99289,WASP-121,6459.0,1,[Fe/H],F6 V,1.35,4.24,1
31914,190.698,WASP-124,6050.0,1,[Fe/H],F9,1.07,4.44,1
31920,88.9924,WASP-126,5800.0,1,[Fe/H],G2,1.12,4.28,2
31933,390.9309,WASP-130,5625.0,1,[Fe/H],G6,1.04,4.49,1
31935,85.8141,WASP-131,6030.0,1,[Fe/H],G0,1.06,4.09,1
31937,130.3103,WASP-132,4775.0,1,[Fe/H],K4,0.8,4.61,1
31940,368.6828,WASP-133,5700.0,1,[Fe/H],G4,1.16,4.18,1
31942,603.877,WASP-135,5675.0,1,[Fe/H],G5 V,0.98,4.47,1
31961,854.9627,WASP-141,5900.0,1,[Fe/H],F9,1.25,4.26,1
31962,266.9772,WASP-142,6010.0,1,[Fe/H],F8,1.33,4.13,1
31968,92.48853,WASP-148,5460.0,1,[Fe/H],G,1.0,4.4,2
31970,127.132,WASP-148,5460.0,1,[Fe/H],G,1.0,4.4,2
31975,175.12433,WASP-15,6300.0,1,[Fe/H],F7,1.18,4.35,1
31979,2688.8418,WASP-150,6218.0,1,[Fe/H],F8,1.39,4.15,1
31981,98.5273,WASP-151,5871.0,1,[Fe/H],G1,1.08,4.35,1
31984,123.9537,WASP-153,5914.0,1,[Fe/H],G0,1.34,4.1,1
31986,40.68224,WASP-156,4910.0,1,[Fe/H],K3,0.84,4.6,1
31991,182.43442,WASP-157,5838.0,1,[Fe/H],G2 V,1.26,4.5,1
32016,32.10083,WASP-166,6050.0,1,[Fe/H],F9 V,1.19,4.34,1
32018,2542.64,WASP-167,7000.0,1,[Fe/H],F1 V,1.59,4.13,1
32022,178.30263,WASP-169,6110.0,1,[Fe/H],F8,1.34,3.96,1
32024,143.97699,WASP-17,6650.0,1,[Fe/H],F4,1.2,4.45,1
32036,344.52772,WASP-171,5965.0,1,[Fe/H],G0,1.17,4.08,1
32041,413.179,WASP-174,6400.0,1,[Fe/H],F6 V,1.3,4.32,1
32042,314.6517,WASP-175,6229.0,1,[Fe/H],F7,1.21,4.36,1
32043,271.74465,WASP-176,5941.0,1,[Fe/H],F9,1.34,4.0,1
32044,161.45764,WASP-177,5017.0,1,[Fe/H],K2,0.88,4.49,1
32046,527.5978,WASP-178,9360.0,1,[Fe/H],A1 IV-V,2.07,4.31,1
32064,95.03117,WASP-181,5839.0,1,[Fe/H],G2,1.04,4.49,1
32065,47.03884,WASP-182,5638.0,1,[Fe/H],G5,1.08,4.22,1
32067,159.55066,WASP-183,5313.0,1,[Fe/H],G9,0.78,4.45,1
32068,181.1631,WASP-184,6000.0,1,[Fe/H],G0 V,1.23,4.09,1
32069,311.4734,WASP-185,5900.0,1,[Fe/H],G0 V,1.12,4.13,1
32070,1341.2426,WASP-186,6361.0,1,[Fe/H],F,1.22,4.19,1
32073,254.264,WASP-187,6150.0,1,[Fe/H],F,1.54,3.72,1
32087,317.83,WASP-190,6400.0,1,[Fe/H],F6 IV-V,1.35,4.17,1
32089,731.009,WASP-192,5910.0,1,[Fe/H],G0 V,1.09,4.24,1
32117,177.9848,WASP-22,6000.0,1,[Fe/H],G1 V,1.1,4.37,1
32145,285.717,WASP-28,6084.0,1,[Fe/H],F8,1.01,4.34,1
32146,288.26,WASP-28,6150.0,1,[Fe/H],F8,1.02,4.37,1
32223,397.2875,WASP-4,5500.0,1,[Fe/H],G8,0.93,4.5,1
32256,276.5121,WASP-44,5420.0,1,[Fe/H],G8 V,0.94,4.49,1
32268,607.0553,WASP-46,5600.0,1,[Fe/H],G6 V,0.83,4.49,1
32319,502.15,WASP-5,5880.0,1,[M/H],G4 V,0.97,4.4,1
32322,494.22565,WASP-5,5700.0,1,[Fe/H],G5,1.0,4.5,1
32333,146.2,WASP-52,5000.0,1,[Fe/H],K2 V,0.87,4.58,1
32361,213.573,WASP-57,5600.0,1,[Fe/H],G6,0.95,4.57,1
32368,274.276,WASP-59,4650.0,1,[Fe/H],K5 V,0.72,4.72,1
32378,163.358,WASP-60,5900.0,1,[Fe/H],G1 V,1.08,4.35,1
32402,492.62,WASP-65,5600.0,1,[Fe/H],G6,0.93,4.4,1
32421,82.632,WASP-69,4715.0,1,[Fe/H],K5,0.83,4.54,1
32438,712.545,WASP-71,6059.0,1,[Fe/H],F8,1.56,3.92,1
32443,491.3763,WASP-72,6250.0,1,[Fe/H],F7,1.39,3.99,1
32446,597.5,WASP-73,6036.0,1,[Fe/H],F9,1.34,3.93,1
32449,301.9385,WASP-74,5970.0,1,[Fe/H],F9,1.48,4.18,1
32493,176.07,WASP-80,4145.0,1,[Fe/H],K7 V,0.57,4.69,1
32499,394.1092,WASP-82,6490.0,1,[Fe/H],F5,1.63,3.97,1
32504,95.349,WASP-83,5510.0,1,[Fe/H],G8,1.11,4.44,1
32508,220.565,WASP-84,5314.0,1,[Fe/H],K0,0.84,4.4,1
32519,177.98,WASP-88,6431.0,1,[Fe/H],F6,1.45,3.96,1
32521,1875.197,WASP-89,5130.0,1,[Fe/H],K3,0.92,4.51,1
32525,200.2329,WASP-90,6430.0,1,[Fe/H],F6,1.55,4.03,1
32527,425.8922,WASP-91,4920.0,1,[Fe/H],K3,0.84,4.3,1
32528,255.85315,WASP-92,6280.0,1,[Fe/H],F7,1.19,4.26,1
32532,467.2101,WASP-93,6700.0,1,[Fe/H],F4,1.33,4.2,1
32543,359.13,WASP-95,5630.0,1,[Fe/H],G2,1.11,4.38,1
32547,152.55,WASP-96,5540.0,1,[Fe/H],G8,1.06,4.42,1
32553,419.52,WASP-97,5640.0,1,[Fe/H],G5,1.12,4.43,1
32561,883.53,WASP-99,6180.0,1,[Fe/H],F8,1.48,4.12,1
32567,1274.44,WTS-1,6250.0,1,[Fe/H],F6 V,1.2,4.4,1
32569,355.9696,WTS-2,5000.0,1,[Fe/H],K2 V,0.82,4.6,1
32583,286.047,XO-1,5750.0,1,[Fe/H],G1 V,1.0,4.43,1
32611,4211.22639,XO-3,6429.0,1,[Fe/H],F5V,1.41,3.95,1
32630,365.5045,XO-5,5510.0,1,[Fe/H],G8 V,1.0,4.52,1
32634,1398.452,XO-6,6720.0,1,[Fe/H],F5,1.47,4.04,1
32636,225.34147,XO-7,6250.0,1,[Fe/H],G0 V,1.41,4.25,1
32641,0.7,YZ Cet,3151.0,1,[Fe/H],M4.5 V,0.14,5.17,3
32642,1.14,YZ Cet,3151.0,1,[Fe/H],M4.5 V,0.14,5.17,3
32646,1.09,YZ Cet,3151.0,1,[Fe/H],M4.5 V,0.14,5.17,3
32661,1938.7,bet UMi,4126.0,1,[Fe/H],K4 III,1.4,1.5,1
32662,2129.461,eps CrB,4406.0,1,[Fe/H],K2 III,1.7,1.94,1
32675,324.1866,gam Lib,4822.0,1,[Fe/H],K0 III,1.47,2.47,2
32676,1455.6614,gam Lib,4822.0,1,[Fe/H],K0 III,1.47,2.47,2
32677,425.89007,gam Psc,4742.0,1,[Fe/H],G7 III,0.99,2.33,1
32678,3756.73177,iot Dra,4504.0,1,[Fe/H],K2 III,1.54,2.48,2
32681,4958.12315,iot Dra,4504.0,1,[Fe/H],K2 III,1.54,2.48,2
32682,4068.1,kap And,10700.0,1,[Fe/H],B9 IV,2.45,3.87,1
32683,4327.36,kap And,10900.0,1,[M/H],B9 IV,2.6,3.78,1
32693,762.8,mu Leo,4538.2,1,[Fe/H],K2 III,1.5,2.4,1
32695,7057.73298,nu Oph,4886.0,1,[Fe/H],K0 III,2.7,2.56,2
32697,7838.32346,nu Oph,4886.0,1,[Fe/H],K0 III,2.7,2.56,2
32703,4.82,HD 39091,6037.0,1,[Fe/H],G0 V,1.09,4.42,3
32711,25.0,rho CrB,5627.0,1,[Fe/H],G0 V,0.89,4.12,2
32721,6547.0,tau Gem,4388.0,1,[Fe/H],K2 III,2.3,1.96,1
32742,162.09249,ups Leo,4836.0,1,[Fe/H],G9 III,1.48,2.46,1
